{
  "files": [
    {
      "filepath": "D:/AuralPrimer/apps/game/benchmarks/frontend.bench.ts",
      "groups": [
        {
          "fullName": "apps/game/benchmarks/frontend.bench.ts > frontend parser and mapping hot paths",
          "benchmarks": [
            {
              "id": "1934397760_0_0",
              "name": "parse MIDI tracks from 6-track synthetic SongPack MIDI",
              "rank": 6,
              "rme": 3.3372781348956995,
              "samples": [],
              "totalTime": 500.2266000000012,
              "min": 0.9026000000000067,
              "max": 3.7176000000000045,
              "hz": 709.6783737610098,
              "period": 1.4090890140845105,
              "mean": 1.4090890140845105,
              "variance": 0.2043515209241668,
              "sd": 0.4520525643375633,
              "sem": 0.02399245896339783,
              "df": 354,
              "critical": 1.96,
              "moe": 0.04702521956825975,
              "p75": 1.5774999999999864,
              "p99": 2.98479999999995,
              "p995": 3.4857000000000085,
              "p999": 3.7176000000000045,
              "sampleCount": 355,
              "median": 1.2169999999999845
            },
            {
              "id": "1934397760_0_1",
              "name": "select drum chart from parsed tracks",
              "rank": 3,
              "rme": 4.4977116250623075,
              "samples": [],
              "totalTime": 500.0772000000022,
              "min": 0.274599999999964,
              "max": 10.24980000000005,
              "hz": 2599.598621972756,
              "period": 0.38467476923077093,
              "mean": 0.38467476923077093,
              "variance": 0.10129822302727648,
              "sd": 0.3182738176904856,
              "sem": 0.00882732745631326,
              "df": 1299,
              "critical": 1.96,
              "moe": 0.01730156181437399,
              "p75": 0.3766000000000531,
              "p99": 1.0821000000000822,
              "p995": 1.3040000000000873,
              "p999": 1.6261000000001786,
              "sampleCount": 1300,
              "median": 0.313350000000014
            },
            {
              "id": "1934397760_0_2",
              "name": "select melodic tracks from parsed tracks",
              "rank": 2,
              "rme": 1.043761376759567,
              "samples": [],
              "totalTime": 500.01479999999515,
              "min": 0.1207000000001699,
              "max": 1.1365000000000691,
              "hz": 6875.796476424365,
              "period": 0.1454376963350771,
              "mean": 0.1454376963350771,
              "variance": 0.0020622919565188203,
              "sd": 0.04541246477035595,
              "sem": 0.000774501276323673,
              "df": 3437,
              "critical": 1.96,
              "moe": 0.001518022501594399,
              "p75": 0.14619999999990796,
              "p99": 0.31510000000002947,
              "p995": 0.4436000000000604,
              "p999": 0.8218000000001666,
              "sampleCount": 3438,
              "median": 0.13779999999997017
            },
            {
              "id": "1934397760_0_3",
              "name": "parse MIDI and select melodic tracks end-to-end",
              "rank": 5,
              "rme": 2.342816762666629,
              "samples": [],
              "totalTime": 500.2617000000023,
              "min": 1.0289999999999964,
              "max": 2.8278999999997723,
              "hz": 783.589869062529,
              "period": 1.276177806122455,
              "mean": 1.276177806122455,
              "variance": 0.09121640352151024,
              "sd": 0.302020534933488,
              "sem": 0.015254340593504138,
              "df": 391,
              "critical": 1.96,
              "moe": 0.02989850756326811,
              "p75": 1.366899999999987,
              "p99": 2.520299999999679,
              "p995": 2.6900000000000546,
              "p999": 2.8278999999997723,
              "sampleCount": 392,
              "median": 1.1440999999999804
            },
            {
              "id": "1934397760_0_4",
              "name": "select drum chart from dense in-memory track fixture",
              "rank": 4,
              "rme": 1.811445595850428,
              "samples": [],
              "totalTime": 500.2217999999875,
              "min": 0.30709999999999127,
              "max": 1.7226999999998043,
              "hz": 2306.9766251691326,
              "period": 0.43346776429808276,
              "mean": 0.43346776429808276,
              "variance": 0.018520720087452976,
              "sd": 0.13609085232833606,
              "sem": 0.004006139145820885,
              "df": 1153,
              "critical": 1.96,
              "moe": 0.007852032725808934,
              "p75": 0.4701000000000022,
              "p99": 1.155500000000302,
              "p995": 1.3400000000001455,
              "p999": 1.5453999999999724,
              "sampleCount": 1154,
              "median": 0.4163499999999658
            },
            {
              "id": "1934397760_0_5",
              "name": "infer key signature from dense piano track",
              "rank": 1,
              "rme": 0.5968026517430691,
              "samples": [],
              "totalTime": 500.005300000043,
              "min": 0.0136000000002241,
              "max": 0.7854000000002088,
              "hz": 49877.471298799945,
              "period": 0.020049131881793296,
              "mean": 0.020049131881793296,
              "variance": 0.00009294360769531838,
              "sd": 0.009640726512837006,
              "sem": 0.00006104783200102423,
              "df": 24938,
              "critical": 1.96,
              "moe": 0.00011965375072200748,
              "p75": 0.02140000000008513,
              "p99": 0.02970000000004802,
              "p995": 0.033400000000256114,
              "p999": 0.07130000000006476,
              "sampleCount": 24939,
              "median": 0.020099999999729334
            }
          ]
        },
        {
          "fullName": "apps/game/benchmarks/frontend.bench.ts > visualizer update and render loops",
          "benchmarks": [
            {
              "id": "1934397760_1_0",
              "name": "beats visualizer update+render 240 frames",
              "rank": 1,
              "rme": 2.070489643921876,
              "samples": [],
              "totalTime": 500.3609999999903,
              "min": 0.36009999999987485,
              "max": 1.9574000000002343,
              "hz": 1812.691236926974,
              "period": 0.5516659316427677,
              "mean": 0.5516659316427677,
              "variance": 0.030803041365658094,
              "sd": 0.1755079524285384,
              "sem": 0.005827645910055429,
              "df": 906,
              "critical": 1.96,
              "moe": 0.01142218598370864,
              "p75": 0.5430000000005748,
              "p99": 1.365099999999984,
              "p995": 1.4942000000000917,
              "p999": 1.9574000000002343,
              "sampleCount": 907,
              "median": 0.5299999999997453
            },
            {
              "id": "1934397760_1_1",
              "name": "drum highway visualizer update+render 240 frames",
              "rank": 2,
              "rme": 2.48316742576211,
              "samples": [],
              "totalTime": 502.8703000000014,
              "min": 2.7272000000002663,
              "max": 5.907400000000052,
              "hz": 270.44746925797693,
              "period": 3.697575735294128,
              "mean": 3.697575735294128,
              "variance": 0.29845092348099683,
              "sd": 0.5463066203891335,
              "sem": 0.04684540622536103,
              "df": 135,
              "critical": 1.96,
              "moe": 0.0918169962017076,
              "p75": 3.8751000000002023,
              "p99": 5.3499000000001615,
              "p995": 5.907400000000052,