{
  "files": [
    {
      "filepath": "D:/AuralPrimer/apps/game/benchmarks/frontend.bench.ts",
      "groups": [
        {
          "fullName": "apps/game/benchmarks/frontend.bench.ts > frontend parser and mapping hot paths",
          "benchmarks": [
            {
              "id": "1934397760_0_0",
              "name": "parse MIDI tracks from 6-track synthetic SongPack MIDI",
              "rank": 6,
              "rme": 3.427953187682394,
              "samples": [],
              "totalTime": 501.09860000000117,
              "min": 0.8750999999999749,
              "max": 5.68240000000003,
              "hz": 780.2855565750914,
              "period": 1.2815820971867038,
              "mean": 1.2815820971867038,
              "variance": 0.19643878701199968,
              "sd": 0.44321415479652687,
              "sem": 0.02241430324146862,
              "df": 390,
              "critical": 1.96,
              "moe": 0.04393203435327849,
              "p75": 1.41599999999994,
              "p99": 2.7182999999999993,
              "p995": 3.7268000000000256,
              "p999": 5.68240000000003,
              "sampleCount": 391,
              "median": 1.1295999999999822
            },
            {
              "id": "1934397760_0_1",
              "name": "select drum chart from parsed tracks",
              "rank": 3,
              "rme": 1.6866121359451165,
              "samples": [],
              "totalTime": 500.01030000000026,
              "min": 0.2618999999999687,
              "max": 2.4343999999998687,
              "hz": 3107.9359765188824,
              "period": 0.32175694980694997,
              "mean": 0.32175694980694997,
              "variance": 0.011913110940077926,
              "sd": 0.10914719849853191,
              "sem": 0.0027687713080055383,
              "df": 1553,
              "critical": 1.96,
              "moe": 0.005426791763690855,
              "p75": 0.3057000000001153,
              "p99": 0.8070999999999913,
              "p995": 0.9517000000000735,
              "p999": 1.2555999999999585,
              "sampleCount": 1554,
              "median": 0.2943000000000211
            },
            {
              "id": "1934397760_0_2",
              "name": "select melodic tracks from parsed tracks",
              "rank": 2,
              "rme": 1.2866435098425804,
              "samples": [],
              "totalTime": 500.0331000000074,
              "min": 0.11809999999991305,
              "max": 2.50669999999991,
              "hz": 7207.522861986431,
              "period": 0.138743923418426,
              "mean": 0.138743923418426,
              "variance": 0.00298962729306761,
              "sd": 0.05467748433375122,
              "sem": 0.0009107855540633359,
              "df": 3603,
              "critical": 1.96,
              "moe": 0.0017851396859641384,
              "p75": 0.13679999999999382,
              "p99": 0.30719999999996617,
              "p995": 0.3972000000001117,
              "p999": 0.807700000000068,
              "sampleCount": 3604,
              "median": 0.13199999999983447
            },
            {
              "id": "1934397760_0_3",
              "name": "parse MIDI and select melodic tracks end-to-end",
              "rank": 5,
              "rme": 1.8860287285088921,
              "samples": [],
              "totalTime": 500.5887000000016,
              "min": 0.9926999999997861,
              "max": 2.3800999999998567,
              "hz": 858.9886267908137,
              "period": 1.1641597674418642,
              "mean": 1.1641597674418642,
              "variance": 0.05396076436823806,
              "sd": 0.23229456379398564,
              "sem": 0.011202238601885647,
              "df": 429,
              "critical": 1.96,
              "moe": 0.021956387659695868,
              "p75": 1.2327000000000226,
              "p99": 2.116099999999733,
              "p995": 2.176299999999628,
              "p999": 2.3800999999998567,
              "sampleCount": 430,
              "median": 1.0588500000001204
            },
            {
              "id": "1934397760_0_4",
              "name": "select drum chart from dense in-memory track fixture",
              "rank": 4,
              "rme": 1.5514655469199163,
              "samples": [],
              "totalTime": 500.40200000000505,
              "min": 0.3000999999999294,
              "max": 1.6078000000002248,
              "hz": 2639.8775384590526,
              "period": 0.37880545041635505,
              "mean": 0.37880545041635505,
              "variance": 0.011877017182391768,
              "sd": 0.10898172866307347,
              "sem": 0.002998487782175794,
              "df": 1320,
              "critical": 1.96,
              "moe": 0.005877036053064556,
              "p75": 0.4074999999997999,
              "p99": 0.9836999999997715,
              "p995": 1.1338999999998123,
              "p999": 1.303400000000238,
              "sampleCount": 1321,
              "median": 0.3471999999997024
            },
            {
              "id": "1934397760_0_5",
              "name": "infer key signature from dense piano track",
              "rank": 1,
              "rme": 0.4688123159281823,
              "samples": [],
              "totalTime": 500.0119000000077,
              "min": 0.013500000000021828,
              "max": 0.7332000000001244,
              "hz": 53168.73458411608,
              "period": 0.018808045890540068,
              "mean": 0.018808045890540068,
              "variance": 0.00005380342194494606,
              "sd": 0.007335081590885411,
              "sem": 0.000044986956898100104,
              "df": 26584,
              "critical": 1.96,
              "moe": 0.0000881744355202762,
              "p75": 0.020199999999931606,
              "p99": 0.025799999999890133,
              "p995": 0.02719999999999345,
              "p999": 0.032700000000204454,
              "sampleCount": 26585,
              "median": 0.019499999999879947
            }
          ]
        },
        {
          "fullName": "apps/game/benchmarks/frontend.bench.ts > visualizer update and render loops",
          "benchmarks": [
            {
              "id": "1934397760_1_0",
              "name": "beats visualizer update+render 240 frames",
              "rank": 1,
              "rme": 1.3985874355130907,
              "samples": [],
              "totalTime": 500.2850000000026,
              "min": 0.4013999999997395,
              "max": 1.5203000000001339,
              "hz": 1806.9700270845524,
              "period": 0.5534126106194719,
              "mean": 0.5534126106194719,
              "variance": 0.014097225112113632,
              "sd": 0.11873173590962793,
              "sem": 0.003948958795239244,
              "df": 903,
              "critical": 1.96,
              "moe": 0.007739959238668918,
              "p75": 0.5851000000002387,
              "p99": 1.0540000000000873,
              "p995": 1.2408999999997832,
              "p999": 1.5203000000001339,
              "sampleCount": 904,
              "median": 0.571650000000318
            },
            {
              "id": "1934397760_1_1",
              "name": "drum highway visualizer update+render 240 frames",
              "rank": 2,
              "rme": 1.9602606775501032,
              "samples": [],
              "totalTime": 502.04429999999866,
              "min": 2.7826999999997497,
              "max": 5.122299999999996,
              "hz": 262.9250048252721,
              "period": 3.803365909090899,
              "mean": 3.803365909090899,
              "variance": 0.19099661203504015,
              "sd": 0.4370315915755292,
              "sem": 0.03803871752002801,
              "df": 131,
              "critical": 1.96,
              "moe": 0.0745558863392549,
              "p75": 3.958099999999831,
              "p99": 4.935199999999895,
              "p995": 5.122299999999996,