{
  "files": [
    {
      "filepath": "D:/AuralPrimer/apps/game/benchmarks/frontend.bench.ts",
      "groups": [
        {
          "fullName": "apps/game/benchmarks/frontend.bench.ts > frontend parser and mapping hot paths",
          "benchmarks": [
            {
              "id": "1934397760_0_0",
              "name": "parse MIDI tracks from 6-track synthetic SongPack MIDI",
              "rank": 6,
              "rme": 3.0243931712968473,
              "samples": [],
              "totalTime": 503.2258,
              "min": 0.8967000000000098,
              "max": 3.774099999999976,
              "hz": 769.0384713979291,
              "period": 1.3003250645994833,
              "mean": 1.3003250645994833,
              "variance": 0.15580420970692585,
              "sd": 0.3947204196731224,
              "sem": 0.020064766560412294,
              "df": 386,
              "critical": 1.96,
              "moe": 0.03932694245840809,
              "p75": 1.4507999999999583,
              "p99": 2.72829999999999,
              "p995": 3.0656999999999925,
              "p999": 3.774099999999976,
              "sampleCount": 387,
              "median": 1.1223999999999705
            },
            {
              "id": "1934397760_0_1",
              "name": "select drum chart from parsed tracks",
              "rank": 3,
              "rme": 1.8465098910054853,
              "samples": [],
              "totalTime": 500.2224000000026,
              "min": 0.278699999999958,
              "max": 3.4412999999999556,
              "hz": 2998.6661932772145,
              "period": 0.33348160000000177,
              "mean": 0.33348160000000177,
              "variance": 0.014805604571153898,
              "sd": 0.12167828307119516,
              "sem": 0.003141719759532338,
              "df": 1499,
              "critical": 1.96,
              "moe": 0.006157770728683382,
              "p75": 0.3251000000000204,
              "p99": 0.9068999999999505,
              "p995": 1.085299999999961,
              "p999": 1.2280000000000655,
              "sampleCount": 1500,
              "median": 0.3105000000000473
            },
            {
              "id": "1934397760_0_2",
              "name": "select melodic tracks from parsed tracks",
              "rank": 2,
              "rme": 0.8439106069697602,
              "samples": [],
              "totalTime": 500.0900999999992,
              "min": 0.11290000000008149,
              "max": 0.8658000000000357,
              "hz": 7334.678290971978,
              "period": 0.13633863140676097,
              "mean": 0.13633863140676097,
              "variance": 0.0012640025077529256,
              "sd": 0.0355528129372758,
              "sem": 0.0005870286591015616,
              "df": 3667,
              "critical": 1.96,
              "moe": 0.0011505761718390607,
              "p75": 0.1353999999998905,
              "p99": 0.27919999999994616,
              "p995": 0.38220000000001164,
              "p999": 0.5834999999999582,
              "sampleCount": 3668,
              "median": 0.1303499999999076
            },
            {
              "id": "1934397760_0_3",
              "name": "parse MIDI and select melodic tracks end-to-end",
              "rank": 5,
              "rme": 2.155497031733169,
              "samples": [],
              "totalTime": 500.1742999999992,
              "min": 1.0111000000001695,
              "max": 3.231000000000222,
              "hz": 833.709368913998,
              "period": 1.1994587529976,
              "mean": 1.1994587529976,
              "variance": 0.0725586855542221,
              "sd": 0.26936719465113435,
              "sem": 0.013190968274350488,
              "df": 416,
              "critical": 1.96,
              "moe": 0.025854297817726954,
              "p75": 1.2677999999996246,
              "p99": 2.2824000000000524,
              "p995": 2.3501000000001113,
              "p999": 3.231000000000222,
              "sampleCount": 417,
              "median": 1.0787999999997737
            },
            {
              "id": "1934397760_0_4",
              "name": "select drum chart from dense in-memory track fixture",
              "rank": 4,
              "rme": 1.746123331299623,
              "samples": [],
              "totalTime": 500.44269999999324,
              "min": 0.30310000000008586,
              "max": 1.5106999999998152,
              "hz": 2325.9406121820057,
              "period": 0.4299335910652863,
              "mean": 0.4299335910652863,
              "variance": 0.01707628618795342,
              "sd": 0.13067626482247424,
              "sem": 0.003830189154431263,
              "df": 1163,
              "critical": 1.96,
              "moe": 0.007507170742685275,
              "p75": 0.5144000000000233,
              "p99": 1.082300000000032,
              "p995": 1.1846999999997934,
              "p999": 1.3648000000002867,
              "sampleCount": 1164,
              "median": 0.37265000000024884
            },
            {
              "id": "1934397760_0_5",
              "name": "infer key signature from dense piano track",
              "rank": 1,
              "rme": 0.5267443064191693,
              "samples": [],
              "totalTime": 500.00080000004164,
              "min": 0.01389999999992142,
              "max": 0.6565000000000509,
              "hz": 46411.92574091495,
              "period": 0.021546186331123054,
              "mean": 0.021546186331123054,
              "variance": 0.00007780879110062348,
              "sd": 0.008820929151774402,
              "sem": 0.00005790474987227347,
              "df": 23205,
              "critical": 1.96,
              "moe": 0.000113493309749656,
              "p75": 0.023199999999633292,
              "p99": 0.030900000000201544,
              "p995": 0.03419999999960055,
              "p999": 0.09320000000025175,
              "sampleCount": 23206,
              "median": 0.019900000000234286
            }
          ]
        },
        {
          "fullName": "apps/game/benchmarks/frontend.bench.ts > visualizer update and render loops",
          "benchmarks": [
            {
              "id": "1934397760_1_0",
              "name": "beats visualizer update+render 240 frames",
              "rank": 1,
              "rme": 2.6369516713528216,
              "samples": [],
              "totalTime": 500.04869999998755,
              "min": 0.36090000000058353,
              "max": 2.3922999999999774,
              "hz": 1683.8359943741898,
              "period": 0.5938820665082988,
              "mean": 0.5938820665082988,
              "variance": 0.05375324803710312,
              "sd": 0.23184746717853771,
              "sem": 0.007989991366660848,
              "df": 841,
              "critical": 1.96,
              "moe": 0.01566038307865526,
              "p75": 0.7258999999994558,
              "p99": 1.6171999999996842,
              "p995": 1.7770999999993364,
              "p999": 2.3922999999999774,
              "sampleCount": 842,
              "median": 0.5252500000001419
            },
            {
              "id": "1934397760_1_1",
              "name": "drum highway visualizer update+render 240 frames",
              "rank": 2,
              "rme": 3.9700533656665975,
              "samples": [],
              "totalTime": 501.55670000000373,
              "min": 2.6835000000000946,
              "max": 6.252500000000509,
              "hz": 253.21165084625338,
              "period": 3.949265354330738,
              "mean": 3.949265354330738,
              "variance": 0.8126749965678954,
              "sd": 0.9014848842703329,
              "sem": 0.0799938480197512,
              "df": 126,
              "critical": 1.96,
              "moe": 0.15678794211871233,
              "p75": 4.370100000000093,
              "p99": 6.082599999999729,
              "p995": 6.252500000000509,